X,Y,Z,Distance
-0.097,1.060,1.010,3.350
-0.100,1.059,1.014,3.351
-0.610,-0.651,0.381,0.554
-0.614,-0.653,0.377,0.551
-0.617,-0.672,0.383,0.545
-0.604,-0.647,0.380,0.544
-0.608,-0.639,0.379,0.542
-0.608,-0.634,0.378,0.542
-0.610,-0.636,0.380,0.537
-0.612,-0.641,0.382,0.535
-0.613,-0.638,0.380,0.535
-0.620,-0.640,0.384,0.544
-0.622,-0.639,0.385,0.540
0.255,1.456,0.792,1.408
-0.642,-0.684,0.392,0.537
-0.432,0.132,0.496,0.621
-0.431,0.131,0.497,0.620
-0.431,0.130,0.497,0.622
-0.430,0.132,0.497,0.621
-0.432,0.130,0.496,0.622
-0.430,0.132,0.497,0.623
-0.432,0.131,0.499,0.625
-0.432,0.131,0.499,0.624
-0.433,0.130,0.499,0.623
-0.432,0.133,0.499,0.624
-0.433,0.132,0.499,0.623
-0.435,0.133,0.498,0.620
-0.434,0.134,0.496,0.622
-0.433,0.139,0.497,0.620
-0.435,0.137,0.498,0.621
-0.435,0.137,0.498,0.619
-0.434,0.138,0.498,0.620
-0.436,0.137,0.499,0.621
-0.434,0.136,0.500,0.622
-0.433,0.136,0.500,0.621
-0.433,0.135,0.501,0.623
-0.434,0.136,0.500,0.623
-0.433,0.134,0.500,0.624
-0.433,0.134,0.499,0.625
-0.432,0.137,0.499,0.627
-0.432,0.138,0.499,0.624
-0.434,0.136,0.497,0.624
-0.434,0.138,0.497,0.621
-0.436,0.136,0.497,0.620
-0.437,0.139,0.496,0.619
-0.437,0.140,0.496,0.622
-0.436,0.141,0.496,0.623
-0.437,0.140,0.496,0.622
-0.436,0.141,0.494,0.623
-0.436,0.140,0.494,0.620
-0.435,0.142,0.495,0.621
-0.433,0.142,0.496,0.623
-0.432,0.138,0.495,0.618
-0.434,0.139,0.495,0.622
-0.431,0.138,0.496,0.622
-0.432,0.134,0.495,0.624
-0.433,0.137,0.495,0.622
-0.432,0.139,0.496,0.626
-0.429,0.140,0.494,0.624
-0.431,0.139,0.493,0.626
-0.430,0.143,0.493,0.629
-0.431,0.141,0.492,0.625
-0.431,0.138,0.493,0.626
-0.430,0.141,0.493,0.629
-0.433,0.136,0.491,0.622
-0.431,0.140,0.491,0.623
-0.430,0.141,0.491,0.625
-0.429,0.138,0.490,0.622
-0.428,0.137,0.490,0.627
-0.426,0.140,0.488,0.625
-0.427,0.137,0.489,0.629
-0.424,0.135,0.490,0.629
-0.424,0.133,0.488,0.631
-0.424,0.131,0.489,0.631
-0.424,0.132,0.489,0.631
-0.420,0.134,0.489,0.634
-0.420,0.132,0.486,0.634
-0.423,0.135,0.485,0.632
-0.424,0.133,0.486,0.627
-0.423,0.134,0.486,0.626
-0.421,0.130,0.486,0.626
-0.421,0.135,0.485,0.628
-0.422,0.135,0.482,0.625
-0.421,0.134,0.483,0.626
-0.419,0.139,0.481,0.631
-0.419,0.136,0.479,0.633
-0.420,0.138,0.483,0.629
-0.419,0.137,0.485,0.631
-0.420,0.137,0.485,0.626
-0.421,0.137,0.483,0.625
-0.421,0.140,0.483,0.628
-0.422,0.141,0.483,0.626
-0.423,0.139,0.482,0.625
-0.424,0.142,0.481,0.627
-0.422,0.146,0.480,0.627
-0.422,0.143,0.482,0.626
-0.420,0.142,0.483,0.629
-0.419,0.138,0.484,0.629
-0.414,0.138,0.488,0.632
-0.416,0.132,0.489,0.637
-0.414,0.132,0.489,0.638
-0.409,0.132,0.491,0.637
-0.410,0.127,0.491,0.642
-0.408,0.126,0.489,0.639
-0.405,0.128,0.488,0.642
-0.403,0.129,0.484,0.640
-0.402,0.129,0.483,0.635
-0.395,0.135,0.480,0.638
-0.393,0.137,0.476,0.639
-0.388,0.140,0.471,0.646
-0.386,0.142,0.466,0.645
-0.386,0.144,0.463,0.645
-0.383,0.146,0.459,0.639
-0.381,0.146,0.454,0.641
-0.379,0.152,0.454,0.644
-0.379,0.153,0.452,0.643
-0.377,0.152,0.451,0.636
-0.376,0.155,0.447,0.644
-0.373,0.155,0.447,0.641
-0.373,0.157,0.448,0.644
-0.373,0.155,0.444,0.645
-0.370,0.157,0.443,0.640
-0.368,0.161,0.443,0.642
-0.366,0.160,0.443,0.640
-0.366,0.158,0.444,0.642
-0.366,0.159,0.447,0.641
-0.369,0.156,0.447,0.641
-0.369,0.157,0.447,0.640
-0.368,0.160,0.448,0.641
-0.365,0.158,0.447,0.641
-0.363,0.160,0.447,0.641
-0.362,0.163,0.445,0.642
-0.362,0.164,0.447,0.644
-0.361,0.164,0.449,0.645
-0.362,0.158,0.450,0.647
-0.362,0.159,0.452,0.653
-0.362,0.156,0.450,0.650
-0.360,0.155,0.453,0.651
-0.364,0.150,0.457,0.656
-0.361,0.150,0.457,0.653
-0.362,0.149,0.460,0.653
-0.366,0.142,0.461,0.656
-0.367,0.140,0.465,0.653
-0.369,0.135,0.472,0.656
-0.372,0.134,0.479,0.658
-0.374,0.129,0.483,0.653
-0.380,0.125,0.489,0.655
-0.381,0.122,0.497,0.650
-0.386,0.120,0.505,0.651
-0.394,0.114,0.512,0.649
-0.400,0.112,0.521,0.646
-0.408,0.108,0.532,0.648
-0.413,0.105,0.542,0.645
-0.421,0.097,0.554,0.643
-0.429,0.087,0.569,0.641
-0.440,0.076,0.583,0.635
-0.446,0.070,0.598,0.631
-0.458,0.055,0.615,0.628
-0.467,0.047,0.632,0.628
-0.479,0.026,0.664,0.609
-0.491,0.014,0.681,0.607
-0.499,0.008,0.696,0.603
-0.511,-0.007,0.716,0.598
-0.518,-0.018,0.732,0.596
-0.527,-0.027,0.750,0.589
-0.535,-0.028,0.753,0.602
-0.535,-0.030,0.753,0.602
-0.662,-0.069,0.910,0.554
-0.667,-0.073,0.919,0.553
-0.676,-0.077,0.928,0.548
-0.687,-0.082,0.938,0.556
-0.692,-0.085,0.948,0.553
-0.703,-0.091,0.959,0.562
-0.706,-0.094,0.965,0.556
-0.712,-0.098,0.969,0.554
-0.717,-0.101,0.974,0.553
-0.724,-0.100,0.979,0.551
-0.724,-0.095,0.981,0.548
-0.725,-0.094,0.980,0.547
-0.730,-0.093,0.982,0.551
-0.729,-0.090,0.984,0.547
-0.728,-0.086,0.982,0.548
-0.732,-0.085,0.982,0.550
-0.731,-0.082,0.982,0.545
-0.733,-0.080,0.984,0.548
-0.735,-0.080,0.985,0.547
-0.736,-0.079,0.988,0.539
-0.737,-0.077,0.988,0.544
-0.737,-0.075,0.989,0.546
-0.734,-0.076,0.990,0.538
-0.736,-0.075,0.991,0.539
-0.736,-0.073,0.993,0.544
-0.735,-0.076,0.993,0.537
-0.738,-0.077,0.996,0.538
-0.736,-0.075,0.999,0.541
-0.741,-0.079,1.000,0.539
-0.742,-0.080,1.004,0.533
-0.742,-0.079,1.009,0.536
-0.747,-0.084,1.011,0.536
-0.745,-0.083,1.012,0.529
-0.748,-0.088,1.019,0.534
-0.752,-0.091,1.025,0.533
-0.754,-0.091,1.029,0.530
-0.756,-0.093,1.034,0.529
-0.759,-0.097,1.041,0.524
-0.763,-0.099,1.049,0.517
-0.767,-0.100,1.057,0.517
-0.770,-0.102,1.060,0.514
-0.772,-0.103,1.065,0.508
-0.780,-0.107,1.077,0.514
-0.782,-0.110,1.082,0.502
-0.787,-0.113,1.091,0.507
-0.791,-0.115,1.098,0.499
-0.795,-0.116,1.106,0.496
-0.801,-0.119,1.115,0.495
-0.807,-0.124,1.124,0.496
-0.808,-0.126,1.129,0.491
-0.817,-0.129,1.141,0.490
-0.821,-0.132,1.149,0.485
-0.827,-0.145,1.171,0.480
-0.835,-0.146,1.182,0.475
-0.840,-0.149,1.191,0.481
-0.843,-0.155,1.202,0.473
-0.853,-0.163,1.219,0.474
-0.851,-0.163,1.225,0.470
-0.861,-0.171,1.240,0.474
-0.865,-0.176,1.253,0.467
-0.873,-0.182,1.263,0.465
-0.883,-0.193,1.280,0.463
-0.888,-0.195,1.294,0.459
-0.895,-0.204,1.310,0.452
-0.901,-0.212,1.327,0.444
-0.908,-0.214,1.344,0.445
-0.918,-0.222,1.361,0.438
-0.922,-0.229,1.381,0.429
-0.933,-0.233,1.396,0.421
-0.943,-0.238,1.411,0.416
-0.950,-0.244,1.428,0.407
-0.957,-0.251,1.445,0.404
-0.962,-0.257,1.459,0.395
-0.971,-0.262,1.476,0.392
-0.978,-0.271,1.494,0.385
-0.981,-0.277,1.508,0.377
-0.994,-0.287,1.526,0.373
-1.002,-0.292,1.541,0.369
-1.002,-0.299,1.555,0.363
-1.014,-0.312,1.586,0.348
-1.018,-0.318,1.600,0.346
-1.024,-0.326,1.614,0.344
-1.033,-0.332,1.629,0.336
-1.038,-0.335,1.641,0.332
-1.041,-0.340,1.652,0.327
-1.052,-0.346,1.668,0.327
-1.054,-0.351,1.676,0.320
-1.059,-0.351,1.688,0.321
-1.062,-0.354,1.698,0.314
-1.071,-0.360,1.708,0.308
-1.078,-0.361,1.718,0.305
-1.078,-0.364,1.731,0.305
-1.084,-0.366,1.740,0.296
-1.090,-0.373,1.751,0.294
-1.094,-0.377,1.765,0.295
-1.100,-0.381,1.773,0.284
-1.107,-0.387,1.783,0.287
-1.108,-0.388,1.790,0.275
-1.114,-0.391,1.800,0.272
-1.119,-0.394,1.808,0.269
-1.163,-0.435,1.909,0.242
-1.166,-0.440,1.909,0.248
-1.162,-0.443,1.909,0.250
-1.162,-0.445,1.909,0.252
-1.163,-0.448,1.908,0.251
-1.159,-0.449,1.905,0.255
-1.155,-0.451,1.902,0.260
-1.155,-0.451,1.895,0.255
-1.151,-0.447,1.886,0.268
-1.147,-0.448,1.879,0.269
-1.141,-0.445,1.868,0.269
-1.137,-0.445,1.860,0.275
-1.133,-0.443,1.854,0.282
-1.133,-0.443,1.841,0.289
-1.125,-0.431,1.826,0.292
-1.117,-0.422,1.801,0.306
-1.116,-0.418,1.787,0.316
-1.106,-0.409,1.779,0.302
-1.096,-0.399,1.748,0.322
-1.093,-0.393,1.731,0.334
-1.084,-0.383,1.721,0.317
-1.075,-0.371,1.690,0.345
-1.062,-0.361,1.668,0.340
-1.060,-0.353,1.664,0.338
-1.055,-0.346,1.632,0.366
-1.047,-0.335,1.611,0.366
-1.037,-0.321,1.586,0.367
-1.029,-0.311,1.566,0.376
-1.020,-0.309,1.550,0.383
-1.010,-0.301,1.532,0.389
-1.003,-0.294,1.514,0.392
-0.995,-0.287,1.495,0.401
-0.985,-0.280,1.477,0.406
-0.979,-0.278,1.462,0.412
-0.971,-0.272,1.445,0.422
-0.962,-0.264,1.426,0.426
-0.924,-0.245,1.359,0.438
-0.918,-0.238,1.343,0.447
-0.909,-0.231,1.327,0.447
-0.899,-0.225,1.308,0.458
-0.892,-0.217,1.289,0.467
-0.882,-0.210,1.275,0.465
-0.874,-0.201,1.253,0.470
-0.868,-0.194,1.235,0.477
-0.863,-0.192,1.222,0.484
-0.859,-0.187,1.206,0.501
-0.735,-0.071,0.951,0.561
-0.728,-0.070,0.941,0.567
-0.722,-0.068,0.933,0.569
-0.715,-0.066,0.922,0.568
-0.708,-0.062,0.914,0.578
-0.704,-0.060,0.908,0.577
-0.700,-0.057,0.897,0.579
-0.692,-0.052,0.890,0.578
-0.689,-0.051,0.886,0.580
-0.683,-0.047,0.875,0.574
-0.681,-0.042,0.866,0.581
-0.674,-0.036,0.859,0.580
-0.673,-0.035,0.850,0.582
-0.667,-0.033,0.847,0.585
-0.664,-0.027,0.840,0.591
-0.661,-0.027,0.833,0.586
-0.658,-0.024,0.828,0.588
-0.652,-0.017,0.820,0.590
-0.653,-0.018,0.814,0.587
-0.648,-0.015,0.810,0.587
-0.644,-0.010,0.801,0.590
-0.640,-0.010,0.794,0.590
-0.636,-0.007,0.788,0.593
-0.611,0.016,0.742,0.588
-0.604,0.021,0.736,0.596
-0.596,0.022,0.728,0.598
-0.584,0.024,0.717,0.598
-0.578,0.029,0.708,0.603
-0.571,0.032,0.699,0.603
-0.562,0.037,0.684,0.602
-0.556,0.045,0.674,0.601
-0.552,0.045,0.673,0.595
-0.525,0.070,0.619,0.615
-0.510,0.080,0.606,0.605
-0.509,0.083,0.597,0.614
-0.502,0.092,0.583,0.606
-0.496,0.098,0.575,0.607
-0.495,0.101,0.567,0.612
-0.490,0.108,0.557,0.606
-0.484,0.111,0.554,0.607
-0.482,0.113,0.543,0.607
-0.478,0.116,0.536,0.611
-0.470,0.122,0.525,0.616
-0.472,0.119,0.521,0.619
-0.468,0.123,0.514,0.619
-0.462,0.126,0.509,0.617
-0.459,0.124,0.503,0.622
-0.454,0.127,0.496,0.618
-0.453,0.127,0.490,0.619
-0.447,0.129,0.483,0.618
-0.441,0.134,0.477,0.617
-0.440,0.133,0.473,0.619
-0.435,0.139,0.463,0.620
-0.429,0.140,0.459,0.618
-0.428,0.143,0.452,0.619
-0.422,0.148,0.445,0.621
-0.420,0.154,0.438,0.619
-0.418,0.157,0.433,0.618
-0.413,0.160,0.428,0.617
-0.409,0.165,0.422,0.617
-0.404,0.170,0.416,0.616
-0.403,0.173,0.409,0.616
-0.398,0.178,0.405,0.616
-0.395,0.181,0.398,0.614
-0.390,0.184,0.390,0.612
-0.385,0.186,0.387,0.614
-0.381,0.189,0.381,0.616
-0.375,0.189,0.375,0.608
-0.369,0.191,0.371,0.603
-0.365,0.196,0.362,0.606
-0.363,0.199,0.355,0.602
-0.357,0.201,0.349,0.600
-0.351,0.203,0.344,0.601
-0.346,0.203,0.336,0.598
-0.342,0.206,0.330,0.601
-0.338,0.209,0.324,0.595
-0.334,0.211,0.316,0.596
-0.330,0.215,0.313,0.594
-0.326,0.217,0.306,0.593
-0.320,0.221,0.299,0.593
-0.315,0.222,0.294,0.591
-0.311,0.221,0.290,0.590
-0.304,0.226,0.284,0.588
-0.300,0.227,0.282,0.587
-0.298,0.230,0.273,0.585
-0.293,0.233,0.268,0.586
-0.287,0.234,0.265,0.585
-0.284,0.237,0.257,0.584
-0.280,0.238,0.253,0.581
-0.276,0.241,0.248,0.579
-0.273,0.241,0.243,0.579
-0.270,0.245,0.239,0.573
-0.267,0.247,0.231,0.577
-0.262,0.251,0.225,0.571
-0.261,0.252,0.222,0.570
-0.258,0.256,0.216,0.567
-0.252,0.256,0.211,0.565
-0.249,0.263,0.207,0.562
-0.245,0.263,0.203,0.563
-0.240,0.266,0.198,0.562
-0.236,0.270,0.193,0.558
-0.232,0.275,0.187,0.559
-0.226,0.278,0.183,0.557
-0.223,0.277,0.178,0.553
-0.215,0.280,0.173,0.557
-0.211,0.280,0.167,0.549
-0.208,0.279,0.167,0.548
-0.205,0.280,0.161,0.553
-0.199,0.282,0.157,0.549
-0.199,0.282,0.152,0.547
-0.194,0.285,0.148,0.544
-0.192,0.287,0.143,0.542
-0.188,0.289,0.140,0.538
-0.185,0.290,0.136,0.535
-0.179,0.293,0.132,0.533
-0.176,0.291,0.129,0.532
-0.170,0.293,0.124,0.530
-0.162,0.297,0.118,0.520
-0.159,0.292,0.115,0.515
-0.152,0.295,0.112,0.513
-0.150,0.295,0.107,0.514
-0.147,0.294,0.104,0.510
-0.141,0.297,0.100,0.503
-0.138,0.298,0.095,0.505
-0.136,0.299,0.091,0.499
-0.132,0.303,0.088,0.494
-0.130,0.305,0.084,0.494
-0.131,0.304,0.084,0.494
-0.132,0.302,0.083,0.493
-0.101,0.319,0.055,0.471
-0.101,0.321,0.056,0.472
-0.099,0.323,0.055,0.467
-0.099,0.324,0.052,0.467
-0.100,0.327,0.054,0.467
-0.099,0.325,0.054,0.466
-0.101,0.326,0.055,0.463
-0.101,0.327,0.058,0.461
-0.101,0.326,0.060,0.460
-0.105,0.326,0.059,0.459
-0.106,0.326,0.060,0.458
-0.107,0.325,0.064,0.458
-0.111,0.325,0.064,0.457
-0.113,0.325,0.066,0.452
-0.115,0.324,0.067,0.455
-0.117,0.327,0.066,0.453
-0.121,0.327,0.067,0.449
-0.124,0.328,0.068,0.453
-0.124,0.328,0.069,0.451
-0.128,0.329,0.072,0.449
-0.129,0.328,0.074,0.451
-0.133,0.328,0.075,0.446
-0.134,0.326,0.076,0.448
-0.137,0.327,0.077,0.448
-0.138,0.325,0.078,0.444
-0.143,0.324,0.079,0.444
-0.141,0.323,0.083,0.446
-0.145,0.323,0.084,0.440
-0.147,0.321,0.085,0.441
-0.147,0.321,0.088,0.440
-0.153,0.321,0.087,0.436
-0.156,0.318,0.089,0.439
-0.154,0.319,0.091,0.439
-0.158,0.318,0.091,0.438
-0.163,0.315,0.094,0.437
-0.162,0.315,0.096,0.434
-0.164,0.315,0.096,0.435
-0.170,0.311,0.099,0.432
-0.169,0.308,0.104,0.431
-0.170,0.307,0.103,0.431
-0.173,0.303,0.105,0.434
-0.175,0.299,0.109,0.432
-0.173,0.299,0.108,0.433
-0.177,0.296,0.110,0.435
-0.181,0.296,0.111,0.433
-0.183,0.296,0.112,0.435
-0.186,0.295,0.113,0.435
-0.187,0.293,0.115,0.438
-0.187,0.291,0.119,0.439
-0.189,0.290,0.119,0.440
-0.190,0.287,0.123,0.443
-0.191,0.285,0.127,0.442
-0.195,0.286,0.127,0.442
-0.196,0.288,0.129,0.444
-0.198,0.284,0.131,0.442
-0.200,0.284,0.133,0.441
-0.201,0.285,0.137,0.438
-0.203,0.279,0.141,0.443
-0.208,0.281,0.142,0.437
-0.212,0.281,0.143,0.439
-0.212,0.277,0.144,0.439
-0.219,0.279,0.145,0.434
-0.222,0.280,0.145,0.436
-0.223,0.281,0.147,0.436
-0.231,0.277,0.150,0.433
-0.236,0.280,0.150,0.435
-0.236,0.275,0.152,0.436
-0.242,0.272,0.156,0.434
-0.247,0.270,0.160,0.435
-0.250,0.269,0.161,0.436
-0.254,0.268,0.164,0.436
-0.258,0.266,0.170,0.434
-0.261,0.266,0.170,0.441
-0.265,0.262,0.174,0.441
-0.267,0.261,0.178,0.442
-0.272,0.259,0.180,0.446
-0.277,0.259,0.181,0.444
-0.279,0.259,0.184,0.442
-0.283,0.254,0.189,0.449
-0.288,0.252,0.191,0.449
-0.291,0.250,0.194,0.448
-0.298,0.246,0.200,0.459
-0.306,0.243,0.202,0.458
-0.310,0.239,0.204,0.456
-0.311,0.238,0.210,0.461
-0.315,0.237,0.209,0.454
-0.325,0.234,0.214,0.459
-0.326,0.231,0.219,0.465
-0.333,0.227,0.222,0.468
-0.335,0.225,0.223,0.469
-0.340,0.224,0.228,0.472
-0.346,0.222,0.230,0.472
-0.352,0.219,0.236,0.469
-0.356,0.215,0.238,0.475
-0.361,0.212,0.242,0.483
-0.367,0.214,0.246,0.479
-0.371,0.208,0.253,0.487
-0.374,0.205,0.257,0.494
-0.379,0.204,0.259,0.501
-0.384,0.203,0.264,0.503
-0.383,0.205,0.265,0.504
-0.403,0.202,0.278,0.514
-0.410,0.203,0.282,0.518
-0.411,0.207,0.285,0.513
-0.425,0.204,0.295,0.525
-0.427,0.203,0.302,0.514
-0.427,0.201,0.306,0.510
-0.608,0.198,0.476,0.640
-0.608,0.196,0.478,0.638
-0.608,0.197,0.479,0.638
-0.614,0.194,0.483,0.641
-0.614,0.195,0.482,0.640
-0.615,0.196,0.483,0.639
-0.622,0.192,0.489,0.641
-0.620,0.194,0.489,0.645
-0.621,0.196,0.487,0.643
-0.617,0.199,0.488,0.643
-0.618,0.202,0.487,0.641
-0.621,0.204,0.488,0.641
-0.621,0.205,0.488,0.640
-0.621,0.208,0.485,0.642
-0.621,0.207,0.487,0.640
-0.633,0.208,0.493,0.645
-0.629,0.208,0.494,0.651
-0.632,0.203,0.500,0.644
-0.637,0.205,0.501,0.650
-0.636,0.204,0.505,0.649
-0.639,0.202,0.506,0.643
-0.680,0.178,0.545,0.664
-0.681,0.174,0.555,0.658
-0.711,0.155,0.587,0.675
-0.714,0.153,0.591,0.674
-0.717,0.148,0.595,0.667
-0.702,0.139,0.591,0.669
-0.700,0.141,0.587,0.673
-0.680,0.144,0.579,0.649
-0.679,0.151,0.566,0.657
-0.678,0.153,0.563,0.661
-0.656,0.159,0.549,0.647
-0.651,0.163,0.546,0.648
-0.651,0.164,0.542,0.650
-0.641,0.165,0.536,0.645
-0.639,0.164,0.538,0.647
-0.638,0.163,0.531,0.655
-0.627,0.165,0.524,0.638
-0.624,0.167,0.523,0.644
-0.623,0.167,0.513,0.652
-0.612,0.172,0.509,0.634
-0.610,0.170,0.507,0.640
-0.602,0.173,0.499,0.633
-0.603,0.173,0.498,0.631
-0.600,0.175,0.493,0.640
-0.583,0.176,0.490,0.616
-0.507,0.203,0.417,0.577
-0.572,0.007,0.768,0.586
-0.574,0.008,0.770,0.586
-0.575,0.007,0.773,0.584
-0.576,0.006,0.781,0.583
-0.581,-0.000,0.786,0.586
-0.579,-0.003,0.790,0.581
-0.578,-0.004,0.796,0.581
-0.582,-0.007,0.798,0.585
-0.585,-0.012,0.803,0.588
-0.582,-0.013,0.808,0.583
-0.585,-0.014,0.810,0.586
-0.585,-0.017,0.813,0.587
-0.584,-0.018,0.814,0.582
-0.588,-0.020,0.817,0.585
-0.586,-0.020,0.820,0.584
-0.588,-0.022,0.820,0.580
-0.590,-0.022,0.822,0.583
-0.591,-0.023,0.824,0.585
-0.590,-0.025,0.824,0.582
-0.592,-0.027,0.828,0.582
-0.592,-0.029,0.828,0.586
-0.590,-0.029,0.831,0.581
-0.587,-0.031,0.832,0.579
-0.592,-0.036,0.838,0.584
-0.590,-0.040,0.839,0.587
-0.589,-0.040,0.839,0.581
-0.587,-0.043,0.840,0.583
-0.585,-0.045,0.838,0.581
-0.585,-0.043,0.837,0.587
-0.579,-0.043,0.835,0.584
-0.575,-0.048,0.830,0.582
-0.572,-0.045,0.826,0.586
-0.566,-0.045,0.823,0.594
-0.560,-0.048,0.817,0.593
-0.552,-0.051,0.813,0.599
-0.544,-0.052,0.805,0.607
-0.533,-0.052,0.797,0.604
-0.527,-0.053,0.790,0.619
-0.513,-0.055,0.783,0.620
-0.502,-0.054,0.772,0.622
-0.494,-0.050,0.760,0.629
-0.487,-0.047,0.752,0.633
-0.477,-0.040,0.740,0.638
-0.468,-0.035,0.727,0.641
-0.459,-0.026,0.714,0.646
-0.448,-0.022,0.704,0.653
-0.433,-0.016,0.691,0.646
-0.425,-0.006,0.679,0.651
-0.417,-0.001,0.667,0.655
-0.411,0.008,0.656,0.657
-0.404,0.013,0.647,0.660
-0.399,0.017,0.638,0.663
-0.393,0.020,0.631,0.663
-0.359,0.012,0.636,0.686
-0.362,0.010,0.632,0.687
-0.357,0.015,0.623,0.686
-0.357,0.014,0.618,0.690
-0.356,0.019,0.613,0.687
-0.357,0.022,0.605,0.690
-0.356,0.022,0.598,0.688
-0.354,0.024,0.594,0.689
-0.355,0.024,0.590,0.689
-0.355,0.025,0.586,0.689
-0.357,0.027,0.581,0.692
-0.357,0.029,0.577,0.688
-0.356,0.031,0.575,0.691
-0.357,0.034,0.573,0.685
-0.362,0.038,0.568,0.683
-0.366,0.043,0.564,0.680
-0.366,0.049,0.562,0.680
-0.367,0.053,0.560,0.678
-0.370,0.058,0.556,0.675
-0.370,0.062,0.554,0.673
-0.372,0.060,0.552,0.671
-0.371,0.064,0.548,0.672
-0.370,0.065,0.545,0.671
-0.370,0.065,0.541,0.672
-0.368,0.067,0.538,0.674
-0.367,0.067,0.534,0.677
-0.363,0.070,0.525,0.680
-0.358,0.070,0.522,0.685
-0.353,0.070,0.514,0.687
-0.347,0.072,0.509,0.696
-0.338,0.070,0.503,0.697
-0.330,0.072,0.495,0.704
-0.320,0.071,0.490,0.713
-0.313,0.066,0.480,0.717
-0.304,0.067,0.472,0.727
-0.293,0.068,0.462,0.728
-0.283,0.067,0.451,0.738
-0.271,0.070,0.440,0.749
-0.262,0.072,0.429,0.753
-0.248,0.073,0.419,0.763
-0.236,0.075,0.410,0.773
-0.225,0.079,0.397,0.783
-0.203,0.088,0.370,0.799
-0.193,0.094,0.356,0.806
-0.181,0.102,0.340,0.813
-0.169,0.111,0.326,0.821
-0.127,0.155,0.258,0.853
-0.108,0.165,0.240,0.851
-0.097,0.174,0.222,0.859
-0.084,0.186,0.205,0.867
-0.071,0.194,0.188,0.877
-0.057,0.201,0.172,0.885
-0.043,0.212,0.154,0.895
-0.029,0.221,0.136,0.907
-0.016,0.228,0.119,0.918
-0.001,0.234,0.103,0.929
0.013,0.241,0.087,0.940
0.024,0.247,0.071,0.950
0.040,0.255,0.057,0.962
0.053,0.261,0.044,0.971
0.065,0.266,0.027,0.981
0.077,0.274,0.014,0.991
0.088,0.283,-0.001,0.998
0.098,0.292,-0.015,1.008
0.109,0.303,-0.029,1.018
0.121,0.313,-0.041,1.026
0.129,0.318,-0.056,1.034
0.141,0.328,-0.069,1.043
0.151,0.337,-0.081,1.053
0.161,0.347,-0.092,1.066
0.171,0.356,-0.105,1.073
0.182,0.365,-0.116,1.082
0.200,0.382,-0.139,1.112
0.211,0.390,-0.152,1.125
0.222,0.397,-0.162,1.135
0.235,0.406,-0.173,1.149
0.247,0.413,-0.184,1.161
0.261,0.421,-0.195,1.176
0.274,0.428,-0.205,1.188
0.288,0.434,-0.215,1.204
0.301,0.440,-0.226,1.220
0.314,0.445,-0.235,1.233
0.327,0.452,-0.247,1.243
0.340,0.460,-0.255,1.259
0.345,0.456,-0.255,1.252
0.365,0.473,-0.269,1.282
0.374,0.480,-0.280,1.292
0.384,0.487,-0.287,1.300
0.393,0.496,-0.295,1.310
0.402,0.504,-0.303,1.321
0.411,0.511,-0.311,1.329
0.418,0.520,-0.317,1.340
0.421,0.521,-0.320,1.330
0.432,0.535,-0.334,1.349
0.440,0.544,-0.340,1.358
0.449,0.549,-0.347,1.363
0.092,0.331,-0.049,0.941
0.090,0.333,-0.050,0.942
0.088,0.334,-0.051,0.938
0.087,0.337,-0.053,0.938
0.086,0.340,-0.055,0.935
0.085,0.343,-0.056,0.934
0.085,0.343,-0.057,0.934
0.085,0.345,-0.058,0.934
0.084,0.347,-0.059,0.934
0.084,0.351,-0.058,0.931
0.081,0.352,-0.061,0.930
0.080,0.355,-0.061,0.929
0.080,0.357,-0.061,0.929
0.079,0.357,-0.061,0.929
0.078,0.357,-0.061,0.928
0.080,0.358,-0.060,0.926
0.080,0.356,-0.060,0.926
0.079,0.358,-0.060,0.927
0.080,0.358,-0.060,0.928
0.081,0.359,-0.061,0.925
0.082,0.359,-0.060,0.927
0.082,0.361,-0.061,0.927
0.082,0.360,-0.060,0.927
0.083,0.360,-0.060,0.926
0.083,0.358,-0.061,0.924
0.083,0.362,-0.062,0.925
0.081,0.363,-0.063,0.924
0.082,0.365,-0.064,0.923
0.081,0.366,-0.065,0.922
0.081,0.365,-0.066,0.923
0.081,0.366,-0.065,0.922
0.083,0.366,-0.064,0.923
0.082,0.365,-0.064,0.923
0.083,0.363,-0.064,0.922
0.082,0.362,-0.064,0.924
0.085,0.361,-0.062,0.925
0.085,0.359,-0.061,0.926
0.087,0.359,-0.060,0.925
0.085,0.359,-0.061,0.923
0.085,0.359,-0.062,0.926
0.085,0.360,-0.062,0.923
0.085,0.359,-0.063,0.925
0.086,0.360,-0.062,0.924
0.087,0.357,-0.062,0.925
0.086,0.356,-0.063,0.924
0.086,0.354,-0.061,0.923
0.085,0.354,-0.062,0.925
0.085,0.355,-0.062,0.924
0.084,0.356,-0.062,0.921
0.081,0.357,-0.063,0.919
0.080,0.360,-0.064,0.915
0.080,0.361,-0.066,0.914
0.079,0.362,-0.070,0.912
0.081,0.363,-0.070,0.911
0.082,0.361,-0.070,0.908
0.082,0.362,-0.071,0.907
0.083,0.359,-0.073,0.906
0.086,0.360,-0.073,0.902
0.087,0.359,-0.076,0.902
0.089,0.362,-0.078,0.899
0.091,0.365,-0.081,0.897
0.094,0.367,-0.083,0.898
0.097,0.368,-0.087,0.892
0.099,0.370,-0.088,0.892
0.102,0.372,-0.091,0.890
0.106,0.373,-0.095,0.883
0.106,0.376,-0.098,0.884
0.106,0.382,-0.103,0.879
0.108,0.384,-0.106,0.873
0.107,0.389,-0.110,0.871
0.107,0.392,-0.114,0.869
0.112,0.394,-0.116,0.864
0.114,0.397,-0.120,0.862
0.115,0.399,-0.123,0.863
0.119,0.402,-0.126,0.856
0.120,0.405,-0.130,0.857
0.122,0.407,-0.133,0.854
0.125,0.410,-0.136,0.852
0.128,0.412,-0.140,0.851
0.130,0.415,-0.143,0.848
0.133,0.420,-0.147,0.846
0.137,0.422,-0.151,0.840
0.142,0.425,-0.156,0.836
0.144,0.427,-0.159,0.834
0.145,0.430,-0.163,0.835
0.148,0.432,-0.167,0.831
0.151,0.435,-0.171,0.831
0.154,0.435,-0.177,0.823
0.156,0.439,-0.182,0.823
0.159,0.443,-0.187,0.818
0.161,0.445,-0.190,0.818
0.166,0.446,-0.193,0.813
0.173,0.451,-0.195,0.811
0.177,0.451,-0.199,0.805
0.180,0.454,-0.202,0.804
0.185,0.455,-0.205,0.800
0.189,0.458,-0.209,0.794
0.192,0.461,-0.212,0.792
0.194,0.467,-0.216,0.786
0.195,0.473,-0.220,0.783
0.197,0.479,-0.227,0.776
0.200,0.482,-0.231,0.774
0.204,0.484,-0.235,0.769
0.207,0.487,-0.239,0.766
0.212,0.489,-0.243,0.760
0.214,0.492,-0.248,0.755
0.219,0.498,-0.253,0.758
0.222,0.500,-0.257,0.757
0.225,0.499,-0.262,0.751
0.228,0.500,-0.266,0.747
0.232,0.503,-0.269,0.745
0.236,0.502,-0.273,0.739
0.240,0.503,-0.276,0.741
0.247,0.504,-0.280,0.737
0.251,0.507,-0.285,0.738
0.256,0.508,-0.289,0.737
0.259,0.510,-0.294,0.737
0.264,0.513,-0.299,0.734
0.270,0.515,-0.303,0.734
0.273,0.516,-0.309,0.731
0.278,0.518,-0.314,0.727
0.280,0.518,-0.316,0.720
0.280,0.517,-0.317,0.719
0.338,0.536,-0.370,0.714
0.341,0.538,-0.373,0.714
0.346,0.540,-0.376,0.717
0.348,0.541,-0.379,0.717
0.350,0.542,-0.382,0.720
0.352,0.542,-0.384,0.720
0.353,0.543,-0.386,0.721
0.352,0.543,-0.388,0.719
0.353,0.544,-0.389,0.720
0.353,0.546,-0.389,0.722
0.352,0.547,-0.387,0.723
0.351,0.544,-0.386,0.722
0.349,0.545,-0.384,0.723
0.347,0.544,-0.382,0.724
0.344,0.544,-0.379,0.726
0.340,0.543,-0.377,0.726
0.335,0.542,-0.374,0.726
0.331,0.541,-0.370,0.726
0.327,0.538,-0.365,0.725
0.322,0.537,-0.360,0.726
0.316,0.535,-0.354,0.727
0.310,0.533,-0.350,0.726
0.305,0.531,-0.345,0.725
0.300,0.529,-0.341,0.726
0.266,0.519,-0.307,0.723
0.262,0.515,-0.302,0.723
0.258,0.514,-0.296,0.726
0.252,0.511,-0.292,0.725
0.254,0.511,-0.290,0.726
0.243,0.506,-0.280,0.732
0.241,0.503,-0.274,0.733
0.238,0.499,-0.267,0.737
0.236,0.495,-0.260,0.740
0.233,0.493,-0.255,0.742
0.228,0.490,-0.249,0.749
0.225,0.488,-0.246,0.749
0.221,0.487,-0.240,0.753
0.215,0.486,-0.237,0.757
0.212,0.486,-0.234,0.759
0.206,0.485,-0.229,0.763
0.203,0.484,-0.227,0.763
0.198,0.483,-0.224,0.767
0.196,0.483,-0.221,0.766
0.190,0.482,-0.220,0.768
0.183,0.481,-0.217,0.775
0.177,0.480,-0.214,0.777
0.175,0.478,-0.212,0.778
0.171,0.477,-0.209,0.782
0.169,0.476,-0.207,0.786
0.165,0.474,-0.204,0.789
0.163,0.474,-0.201,0.791
0.160,0.471,-0.198,0.796
0.159,0.469,-0.195,0.799
0.156,0.466,-0.193,0.801
0.154,0.465,-0.190,0.803
0.152,0.464,-0.187,0.808
0.151,0.463,-0.186,0.806
0.152,0.465,-0.185,0.806
0.146,0.461,-0.180,0.815
0.145,0.459,-0.181,0.815
0.140,0.459,-0.179,0.826
0.137,0.457,-0.176,0.826
0.128,0.435,-0.153,0.887
0.129,0.434,-0.152,0.894
0.129,0.433,-0.149,0.898
0.130,0.431,-0.148,0.901
0.130,0.432,-0.147,0.910
0.131,0.433,-0.146,0.914
0.131,0.430,-0.145,0.918
0.132,0.429,-0.144,0.922
0.132,0.428,-0.142,0.928
0.135,0.423,-0.138,0.934
0.137,0.422,-0.136,0.935
0.139,0.417,-0.136,0.955
0.140,0.416,-0.136,0.960
0.142,0.417,-0.133,0.965
0.141,0.415,-0.135,0.967
0.141,0.415,-0.135,0.967
0.140,0.414,-0.135,0.974
0.142,0.415,-0.135,0.980
0.142,0.415,-0.134,0.984
0.141,0.415,-0.136,0.990
0.140,0.415,-0.136,0.994
0.145,0.409,-0.129,0.996
0.148,0.409,-0.129,0.994
0.148,0.406,-0.130,0.992
0.151,0.404,-0.126,0.991
0.152,0.402,-0.124,0.988
0.149,0.399,-0.123,0.990
0.149,0.396,-0.120,0.989
0.150,0.396,-0.120,0.987
0.148,0.398,-0.122,0.987
0.148,0.395,-0.122,0.982
0.147,0.396,-0.121,0.982
0.145,0.395,-0.119,0.980
0.144,0.396,-0.120,0.975
0.143,0.396,-0.120,0.973
0.144,0.398,-0.121,0.974
0.143,0.399,-0.123,0.972
0.142,0.400,-0.124,0.968
0.141,0.404,-0.126,0.968
0.141,0.405,-0.127,0.967
0.139,0.404,-0.127,0.965
0.138,0.404,-0.127,0.965
0.138,0.404,-0.126,0.963
0.139,0.403,-0.126,0.961
0.138,0.403,-0.126,0.962
0.140,0.402,-0.126,0.962
0.140,0.401,-0.124,0.959
0.139,0.401,-0.125,0.958
0.137,0.400,-0.126,0.955
0.135,0.401,-0.125,0.949
0.133,0.402,-0.127,0.950
0.133,0.402,-0.126,0.947
0.129,0.403,-0.126,0.941
0.129,0.402,-0.125,0.940
0.129,0.402,-0.125,0.938
0.128,0.403,-0.128,0.932
0.129,0.403,-0.128,0.931
0.129,0.402,-0.128,0.929
0.128,0.400,-0.128,0.927
0.130,0.398,-0.126,0.922
0.129,0.396,-0.125,0.919
0.129,0.397,-0.124,0.915
0.129,0.396,-0.125,0.912
0.127,0.394,-0.124,0.908
0.127,0.394,-0.123,0.903
0.126,0.394,-0.121,0.900
0.124,0.393,-0.119,0.893
0.119,0.393,-0.116,0.888
0.115,0.393,-0.112,0.882
0.109,0.393,-0.108,0.878
0.102,0.391,-0.105,0.870
0.097,0.387,-0.101,0.865
0.091,0.387,-0.095,0.864
0.088,0.384,-0.087,0.857
0.083,0.380,-0.081,0.853
0.076,0.375,-0.073,0.848
0.069,0.368,-0.064,0.842
0.062,0.364,-0.056,0.837
0.052,0.359,-0.048,0.830
0.041,0.355,-0.038,0.835
0.031,0.349,-0.027,0.828
0.023,0.347,-0.019,0.824
0.013,0.343,-0.011,0.819
0.003,0.341,-0.002,0.808
-0.006,0.340,0.006,0.802
-0.015,0.340,0.015,0.795
-0.024,0.339,0.022,0.788
-0.035,0.338,0.029,0.777
-0.042,0.339,0.036,0.771
-0.049,0.341,0.042,0.762
-0.055,0.341,0.048,0.754
-0.059,0.344,0.051,0.748
-0.064,0.346,0.053,0.741
-0.066,0.348,0.056,0.732
-0.069,0.351,0.056,0.729
-0.072,0.348,0.054,0.721
-0.071,0.351,0.054,0.717
-0.071,0.355,0.052,0.711
-0.071,0.355,0.048,0.706
-0.068,0.360,0.046,0.700
-0.067,0.363,0.040,0.695
-0.065,0.365,0.034,0.688
-0.060,0.371,0.028,0.685
-0.056,0.376,0.021,0.679
-0.050,0.379,0.014,0.674
-0.043,0.385,0.001,0.676
-0.035,0.394,-0.006,0.672
-0.027,0.397,-0.017,0.668
-0.019,0.403,-0.027,0.665
-0.007,0.408,-0.035,0.661
0.000,0.414,-0.044,0.656
0.009,0.420,-0.055,0.650
0.017,0.428,-0.064,0.648
0.026,0.433,-0.074,0.644
0.035,0.439,-0.081,0.636
0.043,0.445,-0.090,0.634
0.049,0.451,-0.097,0.633
0.054,0.462,-0.107,0.626
0.063,0.472,-0.115,0.624
0.068,0.478,-0.123,0.621
0.076,0.486,-0.131,0.619
0.082,0.495,-0.138,0.616
0.089,0.502,-0.146,0.617
0.094,0.508,-0.153,0.617
0.100,0.516,-0.162,0.618
0.108,0.525,-0.169,0.616
0.113,0.529,-0.178,0.619
0.121,0.534,-0.185,0.621
0.128,0.542,-0.194,0.625
0.140,0.546,-0.202,0.625
0.154,0.550,-0.214,0.619
0.164,0.555,-0.224,0.622
0.173,0.561,-0.233,0.625
0.181,0.564,-0.243,0.627
0.189,0.569,-0.254,0.629
0.200,0.575,-0.262,0.629
0.208,0.580,-0.271,0.634
0.216,0.583,-0.281,0.636
0.224,0.586,-0.291,0.634
0.231,0.593,-0.299,0.636
0.241,0.598,-0.309,0.637
0.247,0.602,-0.318,0.640
0.257,0.607,-0.324,0.640
0.266,0.612,-0.334,0.642
0.274,0.617,-0.344,0.643
0.282,0.622,-0.353,0.641
0.289,0.625,-0.360,0.644
0.298,0.630,-0.370,0.645
0.306,0.635,-0.378,0.648
0.315,0.639,-0.386,0.647
0.326,0.644,-0.394,0.648
0.335,0.648,-0.404,0.651
0.345,0.651,-0.411,0.647
0.354,0.652,-0.419,0.648
0.363,0.654,-0.426,0.652
0.376,0.659,-0.438,0.662
0.382,0.662,-0.446,0.664
0.391,0.663,-0.453,0.663
0.399,0.666,-0.461,0.666
0.407,0.667,-0.468,0.669
0.415,0.668,-0.474,0.671
0.424,0.668,-0.481,0.673
0.431,0.671,-0.488,0.675
0.438,0.675,-0.495,0.681
0.445,0.679,-0.501,0.683
0.452,0.682,-0.508,0.685
0.460,0.686,-0.515,0.689
0.467,0.691,-0.521,0.693
0.474,0.694,-0.527,0.694
0.481,0.699,-0.534,0.698
0.489,0.705,-0.539,0.700
0.495,0.709,-0.545,0.700
0.502,0.712,-0.552,0.706
0.510,0.717,-0.558,0.710
0.517,0.721,-0.565,0.712
0.524,0.724,-0.572,0.719
0.532,0.726,-0.577,0.726
0.541,0.731,-0.582,0.730
0.549,0.732,-0.591,0.734
0.556,0.736,-0.597,0.742
0.571,0.738,-0.606,0.736
0.580,0.739,-0.612,0.745
0.588,0.742,-0.620,0.751
0.598,0.745,-0.628,0.755
0.609,0.746,-0.633,0.763
0.620,0.746,-0.640,0.770
0.629,0.748,-0.647,0.775
0.638,0.752,-0.654,0.783
0.646,0.755,-0.661,0.786
0.653,0.761,-0.668,0.789
0.662,0.765,-0.674,0.795
0.671,0.769,-0.680,0.797
0.677,0.774,-0.687,0.799
0.686,0.778,-0.694,0.800
0.689,0.786,-0.696,0.811
0.700,0.788,-0.705,0.802
0.708,0.792,-0.711,0.805
0.714,0.796,-0.716,0.806
0.721,0.800,-0.719,0.807
0.728,0.803,-0.726,0.807
0.731,0.807,-0.728,0.816
0.741,0.813,-0.736,0.807
0.748,0.816,-0.741,0.808
0.750,0.819,-0.744,0.817
0.759,0.823,-0.750,0.814
0.770,0.829,-0.757,0.827
0.776,0.832,-0.762,0.827
0.781,0.836,-0.767,0.827
0.786,0.839,-0.770,0.828
0.789,0.843,-0.774,0.833
0.794,0.846,-0.777,0.835
0.851,0.938,-0.777,1.050
0.845,0.934,-0.773,1.045
0.840,0.931,-0.771,1.041
0.793,0.893,-0.744,0.998
0.787,0.889,-0.741,0.993
0.779,0.886,-0.740,0.988
0.773,0.884,-0.738,0.982
0.742,0.871,-0.722,0.946
0.740,0.869,-0.720,0.944
0.739,0.869,-0.719,0.945
0.731,0.863,-0.716,0.932
0.730,0.864,-0.715,0.932
0.729,0.863,-0.715,0.931
0.726,0.864,-0.715,0.930
0.724,0.864,-0.714,0.930
0.724,0.866,-0.713,0.931
0.723,0.865,-0.714,0.930
0.723,0.864,-0.712,0.932
0.723,0.864,-0.712,0.933
0.723,0.864,-0.712,0.933
0.723,0.865,-0.711,0.935
0.723,0.865,-0.711,0.935
0.724,0.865,-0.710,0.934
0.725,0.866,-0.710,0.940
0.725,0.866,-0.710,0.940
0.726,0.865,-0.709,0.943
0.726,0.864,-0.708,0.943
0.727,0.865,-0.708,0.945
0.726,0.864,-0.706,0.945
0.725,0.864,-0.708,0.947
0.726,0.865,-0.707,0.949
0.725,0.864,-0.709,0.948
0.726,0.864,-0.707,0.951
0.726,0.864,-0.706,0.952
0.726,0.864,-0.707,0.951
0.726,0.865,-0.706,0.953
0.727,0.865,-0.707,0.955
0.725,0.864,-0.708,0.956
0.727,0.867,-0.707,0.958
0.729,0.865,-0.709,0.960
0.728,0.865,-0.708,0.961
0.730,0.865,-0.707,0.961
0.738,0.866,-0.709,0.982
0.740,0.867,-0.708,0.989
0.741,0.866,-0.706,0.992
0.746,0.869,-0.706,1.005
0.747,0.866,-0.706,1.007
0.747,0.865,-0.705,1.009
0.755,0.872,-0.705,1.038
0.754,0.873,-0.707,1.050
0.756,0.871,-0.705,1.051
0.762,0.874,-0.706,1.067
0.766,0.876,-0.706,1.075
0.765,0.871,-0.703,1.085
0.774,0.876,-0.704,1.115
0.773,0.875,-0.701,1.121
0.774,0.874,-0.699,1.124
-0.249,0.078,0.437,0.758
-0.248,0.076,0.435,0.753
-0.250,0.072,0.435,0.753
-0.251,0.069,0.439,0.750
-0.255,0.063,0.442,0.750
-0.254,0.063,0.441,0.747
-0.254,0.061,0.441,0.747
-0.259,0.057,0.445,0.744
-0.260,0.053,0.446,0.744
-0.263,0.053,0.447,0.745
-0.274,0.051,0.443,0.736
-0.273,0.052,0.443,0.733
-0.275,0.053,0.443,0.737
-0.276,0.054,0.443,0.735
-0.280,0.053,0.445,0.735
-0.286,0.051,0.454,0.725
-0.289,0.050,0.458,0.725
-0.292,0.047,0.461,0.723
-0.297,0.045,0.466,0.722
-0.298,0.043,0.472,0.715
-0.364,-0.015,0.599,0.679
-0.364,-0.017,0.605,0.680
-0.368,-0.022,0.609,0.682
-0.368,-0.026,0.613,0.682
-0.367,-0.030,0.618,0.682
-0.368,-0.036,0.620,0.684
-0.368,-0.041,0.623,0.687
-0.365,-0.043,0.622,0.690
-0.363,-0.046,0.620,0.693
-0.360,-0.049,0.619,0.697
-0.356,-0.051,0.612,0.701
-0.351,-0.050,0.606,0.704
-0.344,-0.048,0.597,0.708
-0.339,-0.048,0.588,0.714
-0.332,-0.047,0.578,0.718
-0.320,-0.043,0.567,0.718
-0.311,-0.037,0.551,0.724
-0.304,-0.030,0.536,0.726
-0.297,-0.021,0.523,0.731
-0.289,-0.014,0.508,0.734
-0.283,-0.006,0.495,0.738
-0.274,0.003,0.480,0.745
-0.264,0.008,0.467,0.747
-0.255,0.013,0.454,0.752
-0.245,0.019,0.441,0.759
-0.235,0.028,0.428,0.766
-0.225,0.033,0.413,0.771
-0.213,0.039,0.401,0.779
-0.201,0.040,0.388,0.784
-0.190,0.041,0.375,0.795
-0.179,0.046,0.363,0.806
-0.168,0.049,0.353,0.815
-0.160,0.051,0.340,0.818
-0.152,0.051,0.333,0.830
-0.141,0.052,0.325,0.837
-0.134,0.054,0.320,0.847
-0.128,0.057,0.314,0.848
-0.126,0.058,0.308,0.853
-0.123,0.058,0.306,0.858
-0.121,0.060,0.304,0.858
-0.107,0.060,0.300,0.880
-0.106,0.061,0.302,0.880
-0.105,0.060,0.303,0.882
-0.104,0.058,0.306,0.881
-0.105,0.056,0.310,0.884
-0.106,0.057,0.314,0.881
-0.109,0.058,0.316,0.885
-0.118,-0.117,0.487,0.917
-0.118,-0.116,0.485,0.914
-0.113,-0.112,0.480,0.922
-0.110,-0.121,0.480,0.934
-0.110,-0.121,0.480,0.934
-0.036,-0.177,0.539,1.025
-0.039,-0.175,0.537,1.024
-0.037,-0.175,0.536,1.020
-0.128,-0.149,0.520,0.929
-0.128,-0.149,0.516,0.932
-0.047,-0.238,0.593,1.021
-0.047,-0.236,0.593,1.024
-0.046,-0.236,0.593,1.023
-0.045,-0.241,0.595,1.023
-0.045,-0.241,0.594,1.024
-0.047,-0.243,0.592,1.022
-0.046,-0.241,0.592,1.022
-0.047,-0.242,0.593,1.021
-0.046,-0.242,0.591,1.022
-0.045,-0.240,0.590,1.022
-0.043,-0.240,0.590,1.019
-0.101,-0.162,0.523,0.958
-0.103,-0.163,0.522,0.958
0.225,0.283,-0.083,1.173
0.229,0.280,-0.081,1.171
0.229,0.280,-0.082,1.179
0.228,0.279,-0.081,1.176
0.228,0.279,-0.081,1.176
0.277,0.328,-0.147,1.222
0.276,0.329,-0.145,1.222
0.274,0.327,-0.143,1.221
0.275,0.323,-0.142,1.218
0.274,0.326,-0.140,1.222
0.273,0.320,-0.138,1.214
0.273,0.322,-0.135,1.213
0.271,0.320,-0.134,1.214
0.268,0.319,-0.133,1.216
0.267,0.316,-0.130,1.215
0.268,0.317,-0.128,1.213
0.265,0.315,-0.127,1.212
0.264,0.314,-0.125,1.211
0.263,0.315,-0.123,1.209
0.261,0.313,-0.122,1.207
0.260,0.313,-0.118,1.207
0.258,0.313,-0.120,1.208
0.257,0.312,-0.118,1.212
0.253,0.308,-0.109,1.206
0.251,0.303,-0.109,1.200
0.251,0.306,-0.107,1.203
-1.119,-0.220,1.499,0.486
-1.115,-0.221,1.495,0.481
-1.115,-0.218,1.489,0.487
-1.113,-0.217,1.487,0.484
-1.112,-0.211,1.481,0.487
-1.109,-0.202,1.477,0.487
-1.111,-0.199,1.471,0.488
-1.113,-0.195,1.470,0.489
-1.111,-0.189,1.463,0.494
-1.113,-0.182,1.458,0.496
-1.118,-0.178,1.451,0.498
-1.119,-0.172,1.449,0.500
-1.123,-0.166,1.448,0.502
-1.127,-0.164,1.446,0.503
-1.133,-0.164,1.444,0.507
-1.141,-0.164,1.446,0.511
-1.146,-0.163,1.447,0.518
-1.155,-0.160,1.452,0.524
-1.161,-0.159,1.453,0.532
-1.170,-0.161,1.460,0.534
-1.181,-0.164,1.465,0.539
-1.187,-0.164,1.472,0.549
-1.197,-0.168,1.476,0.553
-1.207,-0.172,1.483,0.554
-1.214,-0.174,1.488,0.564
-1.224,-0.179,1.496,0.567
-1.231,-0.180,1.502,0.573
-1.241,-0.185,1.509,0.573
-1.246,-0.183,1.514,0.573
-1.254,-0.186,1.522,0.573
-1.260,-0.187,1.528,0.577
-1.264,-0.187,1.532,0.572
-1.265,-0.185,1.535,0.574
-1.270,-0.190,1.539,0.576
-1.268,-0.188,1.541,0.574
-1.269,-0.188,1.543,0.571
-1.270,-0.188,1.545,0.573
-1.265,-0.187,1.546,0.564
-1.266,-0.191,1.552,0.564
-1.260,-0.190,1.551,0.556
-1.255,-0.193,1.553,0.551
-1.252,-0.198,1.557,0.544
-1.239,-0.199,1.557,0.533
-1.235,-0.206,1.560,0.527
-1.230,-0.212,1.565,0.519
-1.225,-0.219,1.568,0.516
-1.220,-0.225,1.572,0.506
-1.211,-0.224,1.573,0.501
-1.203,-0.226,1.576,0.487
-1.199,-0.226,1.579,0.483
-1.191,-0.226,1.579,0.468
-1.184,-0.223,1.581,0.460
-1.175,-0.222,1.581,0.451
-1.169,-0.222,1.583,0.442
-1.165,-0.229,1.591,0.428
-1.161,-0.229,1.598,0.420
-1.158,-0.237,1.610,0.411
-1.152,-0.242,1.620,0.396
-1.153,-0.255,1.632,0.395
-1.153,-0.268,1.647,0.382
-1.153,-0.281,1.665,0.373
-1.154,-0.290,1.680,0.370
-1.158,-0.305,1.700,0.362
-1.159,-0.313,1.720,0.351
-1.164,-0.325,1.743,0.345
-1.174,-0.342,1.771,0.335
-1.178,-0.353,1.796,0.321
-1.193,-0.375,1.850,0.287
-1.204,-0.390,1.887,0.272
-1.219,-0.412,1.929,0.260
-1.229,-0.423,1.966,0.245
-1.245,-0.443,2.009,0.227
-1.257,-0.456,2.054,0.205
-1.271,-0.474,2.098,0.183
-1.285,-0.487,2.146,0.160
-1.300,-0.497,2.192,0.134
-1.315,-0.508,2.242,0.110
-1.324,-0.514,2.283,0.084
-1.332,-0.524,2.324,0.046
-1.351,-0.529,2.372,0.033
-1.369,-0.545,2.424,0.016
-1.380,-0.549,2.465,0.017
-1.395,-0.555,2.505,0.042
-1.275,-0.464,2.320,0.017
-1.261,-0.452,2.279,0.000
-1.252,-0.441,2.244,0.026
-1.239,-0.432,2.205,0.041
-1.230,-0.420,2.171,0.066
-1.221,-0.412,2.140,0.078
-1.206,-0.400,2.084,0.113
-1.198,-0.394,2.059,0.125
-1.192,-0.390,2.036,0.132
-1.180,-0.386,2.014,0.142
-1.172,-0.383,1.996,0.157
-1.166,-0.386,1.979,0.160
-1.160,-0.384,1.966,0.167
-1.151,-0.385,1.951,0.175
-1.142,-0.387,1.939,0.182
-1.133,-0.390,1.929,0.188
-1.128,-0.393,1.920,0.193
-1.118,-0.396,1.910,0.193
-1.111,-0.398,1.904,0.197
-1.102,-0.404,1.901,0.204
-1.096,-0.408,1.896,0.205
-1.086,-0.412,1.891,0.204
-1.077,-0.420,1.888,0.204
-1.070,-0.422,1.886,0.208
-1.063,-0.427,1.882,0.203
-1.057,-0.429,1.880,0.206
-1.048,-0.429,1.875,0.202
-1.042,-0.430,1.875,0.199
-1.035,-0.427,1.872,0.194
-0.946,-0.288,1.676,0.221
-0.937,-0.270,1.646,0.227
-0.928,-0.250,1.616,0.234
-0.916,-0.226,1.580,0.249
-0.907,-0.204,1.544,0.255
-0.891,-0.175,1.503,0.266
-0.875,-0.145,1.465,0.277
-0.866,-0.118,1.423,0.281
-0.854,-0.086,1.384,0.292
-0.842,-0.056,1.344,0.299
-0.833,-0.028,1.307,0.305
-0.812,-0.010,1.279,0.325
-0.808,0.041,1.227,0.320
-0.789,0.059,1.202,0.341
-0.775,0.066,1.178,0.351
-0.709,0.325,0.886,0.375
-0.696,0.345,0.859,0.379
-0.687,0.362,0.830,0.388
-0.675,0.376,0.800,0.388
-0.661,0.383,0.776,0.401
-0.626,0.469,0.675,0.419
-0.609,0.497,0.640,0.426
-0.605,0.533,0.598,0.420
-0.592,0.559,0.566,0.424
-0.581,0.583,0.534,0.428
-0.569,0.608,0.506,0.435
-0.557,0.630,0.479,0.441
-0.544,0.650,0.451,0.446
-0.534,0.668,0.426,0.451
-0.523,0.682,0.421,0.435
-0.511,0.699,0.379,0.465
-0.500,0.716,0.355,0.467
-0.492,0.729,0.335,0.473
-0.480,0.743,0.315,0.478
-0.459,0.756,0.296,0.471
-0.451,0.765,0.275,0.478
-0.438,0.778,0.256,0.485
-0.431,0.788,0.239,0.486
-0.421,0.798,0.220,0.489
-0.410,0.810,0.205,0.493
-0.400,0.819,0.187,0.496
-0.389,0.829,0.172,0.501
-0.378,0.840,0.155,0.505
-0.367,0.850,0.138,0.510
-0.356,0.861,0.124,0.515
-0.347,0.871,0.107,0.521
-0.335,0.882,0.092,0.522
-0.323,0.895,0.079,0.528
-0.311,0.908,0.064,0.529
-0.301,0.920,0.046,0.533
-0.289,0.932,0.030,0.535
-0.278,0.942,0.010,0.538
-0.266,0.951,-0.003,0.546
-0.253,0.960,-0.020,0.549
-0.242,0.965,-0.031,0.554
-0.228,0.973,-0.045,0.561
-0.215,0.976,-0.058,0.560
-0.201,0.980,-0.070,0.566
-0.188,0.983,-0.084,0.569
-0.170,0.994,-0.105,0.594
-0.158,0.994,-0.118,0.592
-0.143,0.995,-0.129,0.597
-0.131,0.995,-0.138,0.597
-0.117,0.994,-0.146,0.601
-0.107,0.993,-0.158,0.604
-0.093,0.993,-0.168,0.608
-0.082,0.994,-0.178,0.611
-0.069,0.993,-0.189,0.615
-0.057,0.999,-0.197,0.617
-0.046,1.002,-0.208,0.617
-0.033,1.007,-0.216,0.620
-0.022,1.010,-0.224,0.618
-0.012,1.016,-0.232,0.621
-0.003,1.020,-0.240,0.622
0.009,1.024,-0.247,0.627
0.018,1.028,-0.257,0.626
0.028,1.033,-0.262,0.626
0.037,1.036,-0.272,0.627
0.048,1.040,-0.280,0.627
0.061,1.042,-0.286,0.627
0.069,1.044,-0.294,0.628
0.080,1.045,-0.298,0.626
0.091,1.046,-0.306,0.625
0.103,1.045,-0.310,0.621
0.121,1.044,-0.314,0.609
0.132,1.043,-0.321,0.605
0.143,1.041,-0.325,0.600
0.158,1.041,-0.330,0.596
0.167,1.038,-0.336,0.593
0.178,1.041,-0.343,0.592
0.189,1.040,-0.348,0.587
0.198,1.039,-0.355,0.582
0.211,1.042,-0.361,0.577
0.221,1.042,-0.366,0.572
0.229,1.046,-0.375,0.572
0.240,1.050,-0.378,0.568
0.248,1.050,-0.385,0.562
0.259,1.052,-0.389,0.560
0.271,1.054,-0.394,0.553
0.278,1.056,-0.400,0.551
0.287,1.054,-0.407,0.542
0.295,1.055,-0.413,0.543
0.301,1.054,-0.418,0.542
0.311,1.052,-0.425,0.536
0.319,1.048,-0.430,0.536
0.327,1.045,-0.432,0.536
0.334,1.038,-0.438,0.531
0.342,1.033,-0.444,0.534
0.348,1.027,-0.449,0.534
0.357,1.018,-0.459,0.543
0.365,1.011,-0.463,0.542
0.373,1.001,-0.470,0.544
0.379,0.989,-0.475,0.549
0.384,0.980,-0.479,0.552
0.392,0.968,-0.482,0.555
0.397,0.958,-0.486,0.560
0.403,0.945,-0.492,0.566
0.410,0.935,-0.496,0.572
0.416,0.926,-0.502,0.576
0.424,0.916,-0.504,0.586
0.430,0.910,-0.506,0.589
0.434,0.902,-0.512,0.589
0.439,0.897,-0.510,0.592
0.442,0.893,-0.512,0.592
0.444,0.893,-0.515,0.594
0.444,0.892,-0.515,0.596
0.446,0.894,-0.518,0.593
0.450,0.894,-0.520,0.586
0.450,0.893,-0.519,0.586
0.451,0.893,-0.520,0.582
0.452,0.891,-0.522,0.577
0.452,0.891,-0.521,0.577
0.455,0.888,-0.522,0.571
0.457,0.888,-0.521,0.570
0.464,0.886,-0.523,0.554
0.465,0.885,-0.524,0.551
0.468,0.882,-0.525,0.544
0.472,0.882,-0.526,0.539
0.474,0.880,-0.527,0.531
0.480,0.881,-0.528,0.522
0.482,0.881,-0.529,0.517
0.486,0.882,-0.530,0.507
0.488,0.883,-0.533,0.501
0.491,0.885,-0.533,0.495
0.491,0.886,-0.535,0.490
0.496,0.887,-0.538,0.484
0.497,0.888,-0.539,0.476
0.498,0.890,-0.542,0.472
0.499,0.889,-0.545,0.466
0.501,0.889,-0.547,0.463
0.505,0.888,-0.549,0.456
0.506,0.886,-0.550,0.454
0.509,0.883,-0.551,0.451
0.509,0.881,-0.553,0.446
0.512,0.879,-0.554,0.442
0.510,0.880,-0.551,0.441
0.510,0.881,-0.551,0.434
0.508,0.887,-0.549,0.434
0.505,0.893,-0.549,0.427
0.501,0.897,-0.544,0.418
0.499,0.901,-0.542,0.413
0.496,0.905,-0.536,0.409
0.490,0.908,-0.533,0.406
0.483,0.913,-0.528,0.406
0.477,0.917,-0.522,0.403
0.469,0.922,-0.515,0.404
0.461,0.926,-0.507,0.404
0.454,0.928,-0.502,0.400
0.444,0.930,-0.492,0.403
0.434,0.932,-0.486,0.404
0.425,0.933,-0.478,0.406
0.416,0.933,-0.466,0.411
0.406,0.935,-0.462,0.411
0.394,0.935,-0.453,0.417
0.386,0.933,-0.444,0.421
0.374,0.933,-0.436,0.429
0.362,0.935,-0.426,0.435
0.350,0.935,-0.419,0.442
0.341,0.933,-0.410,0.446
0.332,0.933,-0.404,0.450
0.320,0.931,-0.395,0.457
0.310,0.929,-0.388,0.464
0.301,0.925,-0.379,0.468
0.292,0.922,-0.370,0.471
0.274,0.917,-0.359,0.491
0.264,0.912,-0.349,0.495
0.256,0.909,-0.342,0.496
0.246,0.903,-0.332,0.500
0.236,0.901,-0.322,0.507
0.223,0.893,-0.312,0.511
0.209,0.888,-0.306,0.515
0.201,0.882,-0.293,0.519
0.196,0.878,-0.287,0.504
0.173,0.871,-0.274,0.526
0.160,0.867,-0.264,0.529
0.149,0.866,-0.256,0.529
0.138,0.862,-0.246,0.533
0.127,0.862,-0.235,0.542
0.115,0.858,-0.225,0.542
0.102,0.860,-0.216,0.546
0.093,0.859,-0.207,0.551
0.081,0.859,-0.200,0.553
0.068,0.857,-0.194,0.558
0.056,0.859,-0.186,0.561
0.043,0.856,-0.178,0.565
0.033,0.852,-0.168,0.569
0.018,0.846,-0.159,0.572
0.007,0.840,-0.151,0.575
-0.006,0.837,-0.142,0.579
-0.021,0.828,-0.126,0.570
-0.034,0.821,-0.117,0.574
-0.049,0.814,-0.108,0.578
-0.064,0.806,-0.096,0.579
-0.077,0.797,-0.087,0.584
-0.089,0.791,-0.073,0.588
-0.101,0.781,-0.063,0.591
-0.113,0.773,-0.054,0.594
-0.126,0.765,-0.043,0.594
-0.138,0.759,-0.032,0.598
-0.151,0.754,-0.021,0.598
-0.162,0.751,-0.011,0.596
-0.173,0.746,0.000,0.597
-0.183,0.741,0.011,0.596
-0.192,0.734,0.023,0.596
-0.200,0.727,0.035,0.594
-0.209,0.716,0.047,0.590
-0.220,0.712,0.059,0.593
-0.228,0.704,0.072,0.588
-0.239,0.696,0.084,0.583
-0.250,0.689,0.099,0.581
-0.258,0.680,0.114,0.577
-0.268,0.670,0.130,0.576
-0.280,0.661,0.145,0.573
-0.292,0.651,0.161,0.571
-0.309,0.642,0.178,0.580
-0.319,0.633,0.192,0.580
-0.328,0.623,0.208,0.579
-0.337,0.613,0.225,0.576
-0.349,0.606,0.239,0.575
-0.362,0.598,0.254,0.569
-0.376,0.592,0.271,0.566
-0.389,0.585,0.290,0.562
-0.402,0.580,0.308,0.555
-0.412,0.577,0.325,0.551
-0.424,0.571,0.341,0.552
-0.438,0.567,0.359,0.546
-0.451,0.561,0.374,0.542
-0.465,0.554,0.391,0.538
-0.477,0.547,0.409,0.537
-0.489,0.536,0.427,0.534
-0.503,0.526,0.446,0.532
-0.514,0.517,0.466,0.528
-0.527,0.506,0.485,0.527
-0.543,0.496,0.503,0.525
-0.555,0.486,0.523,0.520
-0.570,0.478,0.544,0.522
-0.584,0.468,0.564,0.520
-0.598,0.460,0.582,0.517
-0.611,0.454,0.600,0.516
-0.628,0.445,0.633,0.497
-0.642,0.443,0.647,0.497
-0.658,0.437,0.665,0.494
-0.670,0.435,0.680,0.494
-0.685,0.429,0.698,0.496
-0.697,0.428,0.713,0.495
-0.711,0.422,0.727,0.499
-0.724,0.418,0.739,0.500
-0.736,0.413,0.753,0.503
-0.748,0.407,0.766,0.508
-0.760,0.398,0.780,0.509
-0.771,0.389,0.791,0.519
-0.780,0.382,0.801,0.525
-0.789,0.370,0.813,0.533
-0.798,0.366,0.824,0.542
-0.811,0.358,0.836,0.553
-0.821,0.349,0.845,0.559
-0.833,0.342,0.856,0.569
-0.843,0.335,0.866,0.576
-0.857,0.329,0.878,0.586
-0.869,0.322,0.885,0.595
-0.880,0.317,0.892,0.606
-0.894,0.314,0.901,0.622
-0.905,0.312,0.908,0.627
-0.919,0.312,0.917,0.637
-0.950,0.307,0.931,0.660
-0.965,0.308,0.941,0.671
-0.981,0.305,0.953,0.679
-0.995,0.304,0.963,0.687
-1.011,0.302,0.975,0.695
-1.027,0.301,0.984,0.704
-1.042,0.302,0.994,0.712
-1.058,0.296,1.005,0.719
-1.073,0.294,1.018,0.729
-1.088,0.288,1.031,0.740
-1.106,0.282,1.044,0.750
-1.123,0.277,1.057,0.758
-1.145,0.269,1.072,0.773
-1.161,0.264,1.083,0.783
-1.182,0.256,1.098,0.799
-1.203,0.256,1.112,0.810
-1.220,0.258,1.120,0.822
-1.232,0.263,1.128,0.834
-1.247,0.267,1.128,0.853
-1.263,0.271,1.141,0.860
-1.279,0.278,1.145,0.876
-1.290,0.288,1.149,0.883
-1.299,0.295,1.150,0.896
-1.311,0.301,1.152,0.911
-1.322,0.305,1.153,0.923
-1.332,0.309,1.152,0.935
-1.341,0.313,1.153,0.948
-1.350,0.317,1.152,0.957
-1.361,0.317,1.149,0.966
-1.365,0.319,1.147,0.974
-1.371,0.320,1.142,0.990
-1.380,0.318,1.139,1.003
-1.389,0.317,1.134,1.018
-1.391,0.315,1.127,1.029
-1.398,0.310,1.129,1.039
-1.400,0.307,1.131,1.045
-1.271,0.429,0.887,1.159
-1.269,0.432,0.880,1.160
-1.269,0.434,0.875,1.163
-1.270,0.434,0.871,1.170
-1.269,0.434,0.868,1.177
-1.271,0.433,0.866,1.185
-1.272,0.432,0.863,1.197
-1.273,0.432,0.862,1.211
-1.280,0.432,0.864,1.218
-1.287,0.432,0.865,1.226
-1.295,0.430,0.866,1.238
-1.303,0.429,0.867,1.249
-0.825,0.289,0.474,0.871
-0.778,0.295,0.461,0.820
-0.574,0.297,0.354,0.612
-0.561,0.294,0.350,0.590
-0.547,0.293,0.347,0.567
-0.498,0.302,0.309,0.533
-0.485,0.302,0.297,0.518
-0.470,0.303,0.294,0.498
-0.397,0.321,0.251,0.441
-0.382,0.326,0.246,0.418
-0.361,0.337,0.229,0.412
-0.340,0.342,0.221,0.396
-0.321,0.350,0.217,0.371
-0.300,0.368,0.196,0.371
-0.281,0.380,0.192,0.346
-0.278,0.393,0.181,0.364
-0.277,0.402,0.175,0.371
-0.228,0.414,0.157,0.307
-0.263,0.258,0.207,0.528
-0.260,0.256,0.208,0.531
-0.257,0.255,0.204,0.524
-0.260,0.251,0.205,0.524
-0.256,0.254,0.204,0.527
-0.258,0.253,0.201,0.528
-0.258,0.252,0.203,0.526
-0.257,0.252,0.205,0.527
-0.260,0.250,0.203,0.529
-0.261,0.248,0.207,0.528
-0.264,0.246,0.208,0.532
-0.264,0.247,0.210,0.535
-0.265,0.244,0.211,0.541
-0.268,0.245,0.214,0.537
-0.270,0.245,0.218,0.539
-0.270,0.245,0.220,0.542
-0.273,0.245,0.224,0.544
-0.274,0.246,0.226,0.546
-0.277,0.248,0.227,0.548
-0.280,0.251,0.231,0.552
-0.281,0.254,0.233,0.552
-0.284,0.257,0.236,0.551
-0.286,0.266,0.236,0.555
-0.285,0.274,0.238,0.556
-0.287,0.278,0.237,0.555
-0.284,0.285,0.237,0.562
-0.280,0.294,0.240,0.564
-0.281,0.305,0.238,0.563
-0.281,0.321,0.237,0.568
-0.278,0.326,0.237,0.566
-0.282,0.334,0.233,0.560
-0.277,0.346,0.230,0.558
-0.273,0.363,0.225,0.558
-0.273,0.374,0.222,0.554
-0.270,0.385,0.218,0.553
-0.263,0.397,0.213,0.552
-0.264,0.410,0.208,0.549
-0.259,0.423,0.203,0.545
-0.253,0.436,0.197,0.542
-0.256,0.450,0.190,0.542
-0.253,0.460,0.186,0.535
-0.250,0.473,0.182,0.533
-0.247,0.484,0.179,0.535
-0.245,0.488,0.172,0.531
-0.240,0.498,0.168,0.530
-0.235,0.509,0.163,0.526
-0.232,0.510,0.160,0.527
-0.235,0.517,0.153,0.522
-0.227,0.533,0.152,0.523
-0.226,0.537,0.147,0.520
-0.220,0.547,0.150,0.521
-0.219,0.554,0.146,0.525
-0.215,0.561,0.143,0.522
-0.209,0.567,0.142,0.519
-0.208,0.575,0.140,0.519
-0.207,0.577,0.139,0.519
-0.203,0.585,0.138,0.519
-0.203,0.591,0.135,0.516
-0.202,0.595,0.135,0.516
-0.200,0.601,0.133,0.516
-0.199,0.609,0.129,0.514
-0.200,0.613,0.129,0.513
-0.197,0.620,0.129,0.514
-0.198,0.626,0.127,0.515
-0.197,0.633,0.129,0.515
-0.196,0.639,0.129,0.517
-0.196,0.642,0.128,0.517
-0.198,0.646,0.128,0.517
-0.200,0.650,0.130,0.515
-0.203,0.650,0.128,0.517
-0.202,0.650,0.126,0.519
-0.202,0.652,0.128,0.521
-0.203,0.652,0.125,0.524
-0.204,0.648,0.125,0.525
-0.206,0.644,0.126,0.528
-0.205,0.641,0.128,0.524
-0.206,0.635,0.127,0.525
-0.207,0.631,0.129,0.526
-0.208,0.622,0.129,0.525
-0.208,0.614,0.131,0.521
-0.208,0.608,0.131,0.525
-0.208,0.600,0.131,0.524
-0.208,0.588,0.131,0.521
-0.208,0.580,0.132,0.525
-0.206,0.572,0.133,0.524
-0.209,0.559,0.133,0.522
-0.208,0.551,0.135,0.522
-0.207,0.542,0.136,0.526
-0.208,0.532,0.135,0.525
-0.203,0.519,0.140,0.532
-0.202,0.508,0.139,0.533
-0.200,0.496,0.138,0.531
-0.201,0.484,0.141,0.534
-0.201,0.473,0.142,0.537
-0.201,0.460,0.142,0.537
-0.203,0.446,0.144,0.537
-0.202,0.432,0.145,0.539
-0.200,0.419,0.146,0.538
-0.200,0.403,0.146,0.541
-0.200,0.388,0.146,0.540
-0.198,0.376,0.145,0.541
-0.198,0.360,0.146,0.538
-0.203,0.352,0.142,0.537
-0.208,0.343,0.138,0.533
-0.194,0.324,0.154,0.548
-0.195,0.298,0.151,0.544
-0.197,0.283,0.152,0.545
-0.196,0.266,0.154,0.544
-0.197,0.249,0.156,0.543
-0.196,0.233,0.160,0.543
-0.197,0.216,0.160,0.545
-0.194,0.204,0.163,0.549
-0.194,0.190,0.162,0.548
-0.193,0.176,0.164,0.550
-0.197,0.149,0.160,0.546
-0.197,0.136,0.161,0.551
-0.199,0.119,0.163,0.548
-0.199,0.105,0.162,0.546
-0.201,0.092,0.160,0.548
-0.202,0.077,0.162,0.551
-0.201,0.062,0.163,0.550
-0.201,0.047,0.166,0.554
-0.201,0.034,0.167,0.556
-0.204,0.025,0.169,0.551
-0.204,0.014,0.169,0.554
-0.205,0.003,0.170,0.553
-0.204,-0.002,0.170,0.555
-0.203,-0.009,0.172,0.552
-0.203,-0.011,0.170,0.551
-0.202,-0.013,0.171,0.555
-0.202,-0.013,0.170,0.554
-0.201,-0.010,0.166,0.551
-0.200,-0.009,0.164,0.558
-0.197,-0.011,0.162,0.555
-0.195,-0.010,0.161,0.555
-0.192,-0.005,0.160,0.558
-0.190,-0.000,0.160,0.559
-0.189,0.006,0.159,0.556
-0.187,0.013,0.159,0.560
-0.186,0.024,0.157,0.557
-0.188,0.033,0.158,0.555
-0.186,0.041,0.160,0.561
-0.183,0.057,0.157,0.563
-0.186,0.063,0.159,0.561
-0.186,0.074,0.157,0.565
-0.184,0.086,0.156,0.566
-0.184,0.095,0.156,0.571
-0.185,0.098,0.158,0.576
-0.184,0.099,0.156,0.579
-0.178,0.109,0.183,0.638
-0.177,0.108,0.187,0.645
-0.173,0.108,0.187,0.647
-0.166,0.106,0.188,0.653
-0.163,0.101,0.187,0.659
-0.157,0.099,0.186,0.668
-0.151,0.099,0.184,0.670
-0.146,0.097,0.187,0.676
-0.137,0.096,0.183,0.681
-0.130,0.098,0.175,0.691
-0.122,0.102,0.171,0.697
-0.115,0.102,0.165,0.704
-0.106,0.099,0.158,0.711
-0.092,0.100,0.157,0.718
-0.084,0.097,0.149,0.728
-0.072,0.097,0.144,0.735
-0.061,0.100,0.137,0.741
-0.052,0.099,0.130,0.747
-0.040,0.103,0.122,0.756
-0.026,0.113,0.103,0.777
-0.020,0.118,0.096,0.788
-0.011,0.126,0.086,0.789
-0.003,0.133,0.076,0.795
0.004,0.141,0.068,0.804
0.010,0.149,0.060,0.807
0.016,0.155,0.052,0.807
0.020,0.163,0.046,0.811
0.023,0.168,0.042,0.817
0.029,0.171,0.038,0.818
0.033,0.177,0.035,0.828
0.040,0.179,0.032,0.829
0.044,0.177,0.028,0.836
0.049,0.176,0.025,0.842
0.054,0.178,0.023,0.846
0.055,0.180,0.018,0.851
0.059,0.184,0.018,0.850
0.058,0.190,0.012,0.854
0.058,0.202,0.009,0.855
0.057,0.210,0.005,0.856
0.059,0.227,0.001,0.855
0.056,0.241,-0.003,0.857
0.052,0.254,-0.010,0.856
0.051,0.269,-0.015,0.853
0.050,0.284,-0.021,0.853
0.050,0.298,-0.029,0.849
0.052,0.313,-0.033,0.848
0.054,0.328,-0.038,0.850
0.051,0.342,-0.044,0.848
0.049,0.358,-0.049,0.845
0.046,0.372,-0.054,0.843
0.046,0.387,-0.060,0.838
0.047,0.400,-0.064,0.834
0.045,0.413,-0.071,0.834
0.045,0.427,-0.075,0.832
0.041,0.441,-0.082,0.824
0.039,0.457,-0.087,0.818
0.038,0.473,-0.089,0.818
0.037,0.487,-0.092,0.812
0.035,0.500,-0.096,0.810
0.031,0.513,-0.099,0.811
0.029,0.523,-0.103,0.807
0.028,0.532,-0.107,0.799
0.027,0.543,-0.108,0.802
0.024,0.552,-0.112,0.798
0.022,0.564,-0.116,0.795
0.018,0.574,-0.117,0.793
0.017,0.586,-0.120,0.791
0.013,0.594,-0.123,0.788
0.011,0.605,-0.125,0.785
0.007,0.616,-0.129,0.785
0.006,0.623,-0.131,0.781
0.003,0.633,-0.136,0.776
0.002,0.644,-0.138,0.777
-0.001,0.651,-0.142,0.777
0.002,0.656,-0.140,0.777
-0.004,0.666,-0.149,0.768
-0.003,0.671,-0.146,0.771
-0.059,0.821,-0.200,0.737
-0.073,0.843,-0.203,0.727
-0.332,0.119,0.488,0.686
-0.333,0.119,0.492,0.687
-0.335,0.115,0.496,0.693
-0.333,0.104,0.506,0.692
-0.333,0.102,0.509,0.695
-0.332,0.099,0.512,0.695
-0.325,0.084,0.512,0.697
-0.329,0.084,0.508,0.698
-0.328,0.085,0.507,0.698
-0.328,0.086,0.505,0.697
-0.323,0.084,0.501,0.701
-0.321,0.083,0.501,0.702
-0.321,0.083,0.501,0.705
-0.320,0.085,0.500,0.706
-0.321,0.083,0.499,0.710
-0.320,0.080,0.500,0.709
-0.317,0.082,0.498,0.704
-0.316,0.080,0.497,0.708
-0.315,0.082,0.496,0.708
-0.316,0.085,0.496,0.711
-0.315,0.086,0.495,0.708
-0.315,0.086,0.493,0.706
-0.315,0.087,0.493,0.708
-0.315,0.088,0.493,0.707
-0.315,0.088,0.493,0.707
-0.317,0.089,0.493,0.706
-0.317,0.091,0.492,0.706
-0.318,0.093,0.490,0.704
-0.316,0.098,0.487,0.703
-0.318,0.102,0.485,0.700
-0.320,0.107,0.484,0.695
-0.324,0.112,0.480,0.692
-0.324,0.126,0.476,0.694
-0.324,0.138,0.471,0.686
-0.326,0.152,0.467,0.684
-0.331,0.160,0.462,0.682
-0.332,0.174,0.458,0.677
-0.335,0.189,0.451,0.675
-0.337,0.198,0.443,0.664
-0.337,0.218,0.436,0.664
-0.339,0.231,0.429,0.661
-0.339,0.245,0.420,0.658
-0.340,0.257,0.416,0.658
-0.343,0.267,0.410,0.657
-0.345,0.273,0.403,0.652
-0.340,0.292,0.399,0.653
-0.342,0.303,0.395,0.651
-0.341,0.315,0.389,0.647
-0.344,0.321,0.383,0.641
-0.343,0.334,0.380,0.643
-0.346,0.345,0.375,0.640
-0.345,0.349,0.370,0.632
-0.345,0.365,0.367,0.635
-0.346,0.375,0.361,0.636
-0.347,0.383,0.357,0.631
-0.349,0.388,0.352,0.625
-0.349,0.403,0.351,0.625
-0.351,0.411,0.346,0.623
-0.353,0.422,0.341,0.623
-0.354,0.430,0.337,0.617
-0.357,0.438,0.335,0.613
-0.359,0.447,0.332,0.611
-0.363,0.463,0.327,0.604
-0.364,0.464,0.327,0.602
-0.366,0.466,0.326,0.600
-0.366,0.464,0.326,0.599
-0.362,0.460,0.328,0.605
-0.362,0.448,0.328,0.608
-0.354,0.433,0.337,0.616
-0.349,0.407,0.343,0.625
-0.346,0.396,0.347,0.629
-0.343,0.384,0.352,0.632
-0.347,0.376,0.350,0.628
-0.316,0.270,0.389,0.674
-0.311,0.257,0.394,0.677
-0.307,0.242,0.400,0.682
-0.304,0.224,0.406,0.685
-0.302,0.210,0.412,0.694
-0.298,0.198,0.417,0.700
-0.295,0.179,0.423,0.704
-0.291,0.165,0.430,0.708
-0.288,0.150,0.434,0.711
-0.286,0.136,0.438,0.717
-0.283,0.124,0.439,0.722
-0.277,0.119,0.442,0.726
-0.277,0.109,0.443,0.727
-0.277,0.106,0.439,0.725
-0.279,0.106,0.439,0.730
-0.241,0.010,0.463,0.772
-0.238,-0.001,0.465,0.781
-0.234,-0.011,0.467,0.781
-0.231,-0.018,0.467,0.784
-0.228,-0.029,0.471,0.785
-0.226,-0.040,0.475,0.791
-0.223,-0.052,0.478,0.795
-0.222,-0.063,0.483,0.801
-0.218,-0.074,0.486,0.806
-0.214,-0.089,0.490,0.807
-0.211,-0.101,0.495,0.811
-0.207,-0.111,0.499,0.816
-0.203,-0.132,0.504,0.828
-0.200,-0.142,0.506,0.827
-0.197,-0.155,0.510,0.831
-0.185,-0.192,0.526,0.851
-0.182,-0.206,0.531,0.854
-0.179,-0.219,0.534,0.856
-0.176,-0.228,0.537,0.859
-0.039,-0.090,0.057,0.645
-0.019,-0.076,0.037,0.638
0.002,-0.075,0.018,0.632
0.018,-0.078,-0.005,0.622
0.047,-0.081,-0.031,0.584
0.063,-0.090,-0.044,0.579
0.079,-0.113,-0.059,0.568
0.088,-0.151,-0.069,0.567
0.091,-0.173,-0.093,0.553
0.108,-0.238,-0.095,0.546
0.098,-0.270,-0.109,0.532
0.091,-0.261,-0.114,0.528
0.095,-0.231,-0.098,0.552
0.061,-0.182,-0.082,0.504
0.068,-0.209,-0.084,0.498
0.075,-0.239,-0.095,0.492
0.084,-0.229,-0.102,0.492
0.095,-0.198,-0.109,0.497
0.097,-0.183,-0.118,0.499
0.104,-0.188,-0.126,0.499
0.113,-0.205,-0.134,0.502
0.119,-0.222,-0.140,0.509
0.124,-0.221,-0.138,0.515
0.122,-0.206,-0.135,0.516
0.117,-0.197,-0.135,0.510
0.112,-0.199,-0.136,0.506
0.112,-0.211,-0.135,0.504
0.111,-0.220,-0.135,0.502
0.111,-0.218,-0.131,0.500
0.111,-0.213,-0.130,0.500
0.108,-0.206,-0.134,0.500
0.109,-0.210,-0.136,0.497
0.111,-0.214,-0.137,0.497
0.109,-0.211,-0.135,0.497
0.107,-0.204,-0.135,0.499
0.108,-0.204,-0.136,0.499
0.110,-0.210,-0.136,0.497
0.111,-0.212,-0.135,0.499
0.111,-0.210,-0.134,0.501
0.112,-0.208,-0.133,0.496
0.109,-0.210,-0.134,0.498
0.113,-0.215,-0.135,0.497
0.111,-0.213,-0.134,0.499
0.112,-0.211,-0.132,0.498
0.112,-0.213,-0.133,0.501
0.112,-0.216,-0.134,0.500
0.113,-0.214,-0.134,0.499
0.113,-0.213,-0.133,0.498
0.111,-0.209,-0.134,0.500
0.110,-0.209,-0.135,0.498
0.110,-0.211,-0.135,0.498
0.108,-0.210,-0.137,0.496
0.106,-0.205,-0.139,0.493
0.106,-0.203,-0.137,0.494
0.105,-0.206,-0.137,0.492
0.104,-0.207,-0.138,0.495
0.106,-0.204,-0.138,0.495
0.106,-0.205,-0.137,0.494
0.106,-0.207,-0.135,0.495
0.109,-0.211,-0.135,0.496
0.107,-0.208,-0.136,0.495
0.108,-0.206,-0.135,0.494
0.108,-0.208,-0.135,0.495
0.110,-0.208,-0.136,0.496
0.109,-0.210,-0.135,0.492
0.109,-0.209,-0.134,0.493
0.109,-0.209,-0.134,0.494
0.108,-0.208,-0.134,0.494
0.110,-0.212,-0.134,0.489
0.109,-0.209,-0.134,0.493
0.108,-0.208,-0.132,0.489
0.108,-0.210,-0.133,0.487
0.107,-0.209,-0.133,0.492
0.107,-0.209,-0.133,0.492
0.107,-0.207,-0.133,0.491
0.107,-0.208,-0.134,0.489
0.105,-0.207,-0.133,0.486
0.105,-0.204,-0.135,0.487
0.104,-0.205,-0.135,0.487
0.103,-0.205,-0.135,0.486
0.103,-0.205,-0.135,0.486
0.104,-0.206,-0.135,0.485
0.104,-0.204,-0.135,0.485
0.103,-0.206,-0.134,0.487
0.107,-0.208,-0.133,0.485
0.106,-0.208,-0.134,0.485
0.106,-0.209,-0.132,0.486
0.109,-0.211,-0.132,0.487
0.107,-0.208,-0.133,0.485
0.105,-0.208,-0.133,0.488
0.105,-0.205,-0.136,0.488
0.104,-0.204,-0.136,0.485
0.105,-0.204,-0.134,0.484
0.104,-0.205,-0.135,0.483
0.103,-0.204,-0.135,0.482
0.104,-0.202,-0.134,0.483